項目別, ,銷售量,,,,,銷售值 (千元),,,,, 
 , ,(0920010)果蔬汁 (千公升),(0920910)碳酸飲料 (千公升),(0920930)運動飲料 (千公升),(0920940)咖啡飲料 (千公升),(0920950)茶類飲料 (千公升),(0920010)果蔬汁,(0920910)碳酸飲料,(0920930)運動飲料,(0920940)咖啡飲料,(0920950)茶類飲料, 
1982年,1月,"11,689","35,335",-,771,-,"257,570","625,321",-,"32,961",-, 
 ,2月,"17,865","31,819",-,834,-,"367,004","608,245",-,"35,669",-, 
 ,3月,"20,521","29,602",-,927,-,"446,628","584,401",-,"40,186",-, 
 ,4月,"18,480","34,934",-,888,-,"388,983","702,081",-,"38,380",-, 
 ,5月,"15,549","34,934",-,890,-,"472,986","734,256",-,"38,380",-, 
 ,6月,"11,862","38,393",-,858,-,"339,553","801,570",-,"37,027",-, 
 ,7月,"12,959","50,853",-,878,-,"386,639","1,034,076",-,"37,929",-, 
 ,8月,"15,419","50,318",-,857,-,"451,709","1,095,652",-,"37,027",-, 
 ,9月,"17,425","52,133",-,877,-,"498,898","1,123,395",-,"37,929",-, 
 ,10月,"12,783","40,094",-,856,-,"380,935","931,688",-,"37,027",-, 
 ,11月,"10,423","27,290",-,856,-,"302,052","624,204",-,"37,027",-, 
 ,12月,"6,346","17,771",-,967,-,"187,087","359,412",-,"41,995",-, 
1983年,1月,"5,802","21,557",-,490,-,"154,100","303,342",-,"21,253",-, 
 ,2月,"8,396","30,156",-,512,-,"204,186","1,108,292",-,"21,983",-, 
 ,3月,"12,806","24,652",-,661,-,"290,987","431,399",-,"28,413",-, 
 ,4月,"13,749","43,266",-,"1,023",-,"352,459","823,434",-,"43,774",-, 
 ,5月,"13,717","46,591",-,946,-,"379,483","845,859",-,"40,475",-, 
 ,6月,"17,633","49,878",-,982,-,"477,408","957,672",-,"42,039",-, 
 ,7月,"16,040","67,765",-,"1,016",-,"470,568","1,373,662",-,"43,404",-, 
 ,8月,"15,767","61,803",-,"1,024",-,"424,996","1,172,781",-,"43,350",-, 
 ,9月,"15,846","60,083",-,"1,147",-,"432,965","1,113,567",-,"48,458",-, 
 ,10月,"14,033","39,750",-,"1,059",-,"359,557","829,982",-,"44,722",-, 
 ,11月,"7,989","24,538",-,729,-,"208,792","497,955",-,"30,810",-, 
 ,12月,"6,676","16,684",-,663,-,"148,840","299,880",-,"27,996",-, 
1984年,1月,"7,939","27,920",-,533,-,"212,159","484,641",-,"22,407",-, 
 ,2月,"9,593","24,652",-,553,-,"270,630","516,937",-,"23,013",-, 
 ,3月,"14,764","21,614",-,658,-,"388,779","429,340",-,"27,363",-, 
 ,4月,"14,408","30,691",-,799,-,"340,255","618,126",-,"33,206",-, 
 ,5月,"13,057","31,589",-,871,-,"342,163","647,247",-,"36,205",-, 
 ,6月,"14,413","40,151",-,973,-,"381,906","907,970",-,"40,890",-, 
 ,7月,"17,744","43,381",-,"1,159",-,"451,504","986,624",-,"48,962",-, 
 ,8月,"17,273","35,335",-,"1,163",-,"453,872","711,647",-,"49,159",-, 
 ,9月,"16,428","33,921",-,"1,316",-,"424,560","653,677",-,"55,294",-, 
 ,10月,"11,641","32,067",-,"1,227",-,"310,279","599,116",-,"51,427",-, 
 ,11月,"8,944","17,161",-,"1,026",-,"242,242","351,596",-,"43,050",-, 
 ,12月,"8,320","14,430",-,954,-,"214,748","287,337",-,"40,068",-, 
1985年,1月,"9,974","15,747",-,635,-,"223,491","273,755",-,"26,642",-, 
 ,2月,"10,004","26,430",-,892,-,"239,526","539,426",-,"37,395",-, 
 ,3月,"16,884","22,359",-,"1,035",-,"341,942","498,130",-,"43,393",-, 
 ,4月,"13,786","22,302",-,"1,177",-,"385,265","483,031",-,"49,356",-, 
 ,5月,"20,494","40,724",-,"1,401",-,"453,118","797,800",-,"58,773",-, 
 ,6月,"13,144","23,028",-,"1,333",-,"365,959","492,674",-,"55,891",-, 
 ,7月,"12,392","36,348",-,"1,471",-,"355,901","793,108",-,"61,716",-, 
 ,8月,"16,506","39,425",-,"1,550",-,"455,464","903,873",-,"65,096",-, 
 ,9月,"17,086","32,067",-,"1,555",-,"446,511","698,752",-,"65,142",-, 
 ,10月,"11,481","23,716",-,"1,462",-,"322,647","454,333",-,"61,211",-, 
 ,11月,"8,623","18,766",-,"1,166",-,"247,806","396,747",-,"48,813",-, 
 ,12月,"7,350","13,206",-,"1,295",-,"264,014","268,792",-,"54,203",-, 
1986年,1月,"8,641","10,845","3,379","1,162",-,"218,377","226,646","78,287","48,297",-, 
 ,2月,"10,605","12,312","3,062","1,053",-,"268,276","267,055","70,956","43,775",-, 
 ,3月,"23,527","29,680","4,074","1,398",-,"586,198","655,541","94,392","58,232",-, 
 ,4月,"11,671","17,926","2,823",958,-,"266,705","388,244","65,426","40,363",-, 
 ,5月,"11,299","25,728","3,371","1,137",-,"310,885","528,358","78,117","48,192",-, 
 ,6月,"13,722","28,575","3,960","1,446",-,"356,882","569,036","91,744","61,317",-, 
 ,7月,"16,193","31,970","4,215","1,561",-,"431,757","711,704","97,661","66,197",-, 
 ,8月,"18,425","35,706","5,161","1,894",-,"468,992","729,727","119,564","80,326",-, 
 ,9月,"17,376","37,353","4,046","1,375",-,"458,754","788,358","93,741","58,140",-, 
 ,10月,"13,813","22,123","4,807","1,694",-,"349,808","439,703","111,380","71,764",-, 
 ,11月,"11,593","13,608","6,597","2,230",-,"286,147","271,400","152,864","94,306",-, 
 ,12月,"9,761","10,049","4,574","2,090",-,"236,251","211,701","105,873","89,195",-, 
1987年,1月,"12,942","17,489","4,653","1,579",-,"298,274","385,476","107,805","66,834",-, 
 ,2月,"13,826","16,105","4,356","1,501",-,"339,377","356,404","100,910","63,502",-, 
 ,3月,"16,124","20,450","5,013","1,745",-,"394,103","427,239","116,129","73,851",-, 
 ,4月,"18,482","26,102","5,118","1,768",-,"458,345","553,107","118,595","74,579",-, 
 ,5月,"19,611","30,828","5,346","1,844",-,"499,028","660,071","123,875","77,783",-, 
 ,6月,"21,818","29,708","5,229","1,801",-,"538,038","620,477","121,149","75,985",-, 
 ,7月,"26,037","30,721","6,070","2,071",-,"614,208","712,477","140,659","87,380",-, 
 ,8月,"29,056","29,937","7,624","2,539",-,"720,621","723,957","176,652","106,988",-, 
 ,9月,"29,863","33,878","6,770","2,267",-,"727,555","706,552","156,861","95,571",-, 
 ,10月,"18,540","24,480","6,677","2,268",-,"471,778","527,303","154,696","95,575",-, 
 ,11月,"14,943","18,090","6,010","2,063",-,"341,735","370,974","139,251","86,923",-, 
 ,12月,"11,899","11,215","5,781","1,999",-,"295,570","209,299","133,977","84,278",-, 
1988年,1月,"13,068","11,833","4,869","1,725",-,"319,634","307,032","112,812","71,983",-, 
 ,2月,"16,340","17,470","5,227","1,816",-,"392,492","380,955","121,122","75,771",-, 
 ,3月,"19,846","19,707","4,873","1,751",-,"464,539","409,622","112,897","73,142",-, 
 ,4月,"19,333","22,296","5,323","1,916",-,"466,218","500,121","123,312","80,038",-, 
 ,5月,"26,461","35,282","6,937","2,459",-,"633,864","762,947","160,734","102,654",-, 
 ,6月,"32,219","34,136","7,354","2,619",-,"762,164","731,299","170,396","109,364",-, 
 ,7月,"35,576","39,305","7,952","2,809",-,"805,012","878,598","184,243","117,171",-, 
 ,8月,"35,471","41,495","8,371","2,937",-,"851,294","919,790","193,958","122,486",-, 
 ,9月,"30,686","36,602","7,884","2,733",-,"731,702","800,045","182,675","113,716",-, 
 ,10月,"24,878","25,122","5,815","2,035",-,"600,559","560,547","134,737","84,368",-, 
 ,11月,"19,755","21,529","5,537","1,981",-,"525,229","469,401","128,290","82,199",-, 
 ,12月,"17,239","15,395","5,532","2,017",-,"433,396","327,801","128,173","83,765",-, 
1989年,1月,"15,626","19,931","3,257","3,626",-,"358,478","424,019","80,540","150,322",-, 
 ,2月,"18,135","19,820","5,399","2,894",-,"555,735","441,087","139,495","119,985",-, 
 ,3月,"18,793","23,334","7,031","4,042",-,"528,740","512,079","173,949","168,320",-, 
 ,4月,"22,400","29,421","7,370","4,098",-,"653,659","582,298","186,093","170,670",-, 
 ,5月,"34,332","33,899","10,846","4,797",-,"1,000,727","721,588","272,669","199,700",-, 
 ,6月,"34,890","37,680","14,645","4,684",-,"1,158,516","784,489","372,446","194,920",-, 
 ,7月,"31,581","41,341","11,610","5,328",-,"952,276","881,704","287,704","221,746",-, 
 ,8月,"33,719","45,865","13,374","5,245",-,"1,005,664","982,391","329,975","218,137",-, 
 ,9月,"27,918","40,459","14,353","4,806",-,"890,853","856,351","366,813","199,851",-, 
 ,10月,"15,857","36,449","12,022","4,517",-,"598,380","772,588","300,184","187,968",-, 
 ,11月,"15,180","28,761","10,218","4,643",-,"569,433","603,757","256,871","193,214",-, 
 ,12月,"14,804","19,970","9,531","4,540",-,"592,029","408,063","264,913","188,916",-, 
1990年,1月,"14,145","21,229","5,422","3,278",-,"555,296","491,108","112,230","136,315",-, 
 ,2月,"14,779","27,194","10,609","4,098",-,"555,438","624,104","234,832","170,682",-, 
 ,3月,"18,021","25,755","12,121","4,124",-,"593,692","625,874","255,047","171,543",-, 
 ,4月,"15,557","32,795","15,123","5,925",-,"568,199","726,738","335,128","247,092",-, 
 ,5月,"23,099","41,055","20,115","4,867",-,"741,714","890,822","464,874","202,446",-, 
 ,6月,"28,681","46,108","22,684","4,185",-,"931,574","894,072","536,657","174,239",-, 
 ,7月,"26,038","49,104","18,107","4,775",-,"796,879","992,477","399,455","196,334",-, 
 ,8月,"31,219","50,923","22,095","5,585",-,"962,362","1,063,771","504,552","229,633",-, 
 ,9月,"30,596","52,225","17,022","5,887",-,"897,468","1,358,946","395,802","243,112",-, 
 ,10月,"24,711","36,485","18,061","4,936",-,"754,002","771,389","429,575","203,941",-, 
 ,11月,"19,017","24,803","9,243","4,844",-,"637,608","520,511","187,543","200,052",-, 
 ,12月,"16,850","17,947","6,584","4,299",-,"593,071","381,990","132,586","177,662",-, 
1991年,1月,"15,651","17,097","8,010","4,500","8,525","545,133","376,682","194,166","186,357","213,117", 
 ,2月,"18,368","20,826","8,198","5,127","9,847","643,862","492,605","205,439","212,218","246,167", 
 ,3月,"23,660","30,555","13,542","5,856","10,817","778,685","660,136","295,101","242,721","270,414", 
 ,4月,"25,115","38,057","15,950","6,578","11,963","768,101","837,618","376,169","272,739","299,067", 
 ,5月,"30,862","45,048","21,266","7,767","14,469","929,889","937,200","512,255","321,844","361,726", 
 ,6月,"29,141","48,048","22,136","6,848","12,909","868,439","1,035,974","499,185","283,621","322,720", 
 ,7月,"28,306","44,948","20,547","7,424","13,737","875,987","1,019,071","529,969","307,655","343,423", 
 ,8月,"35,328","56,366","22,393","7,963","15,250","1,030,945","1,248,482","568,189","329,642","381,245", 
 ,9月,"26,829","43,665","18,513","6,623","12,478","792,188","914,172","455,282","274,334","311,944", 
 ,10月,"21,596","31,170","10,562","5,820","10,825","606,079","669,029","243,513","241,178","270,631", 
 ,11月,"17,036","18,926","9,534","5,399","10,106","471,496","389,205","207,049","223,695","252,652", 
 ,12月,"22,530","17,735","7,639","5,949","11,289","557,638","356,831","163,763","246,331","282,218", 
1992年,1月,"20,744","25,585","7,308","4,389","29,666","660,001","594,847","178,301","181,832","682,139", 
 ,2月,"14,158","18,851","6,627","3,714","24,913","546,016","440,670","162,443","153,917","572,833", 
 ,3月,"18,978","36,135","11,837","6,384","42,303","578,281","858,746","304,229","264,669","972,647", 
 ,4月,"22,250","29,420","12,148","6,179","41,547","616,007","610,271","273,537","255,556","955,327", 
 ,5月,"27,210","38,712","17,272","7,220","48,221","806,177","831,120","382,327","298,699","1,108,756", 
 ,6月,"26,362","37,080","22,885","7,294","47,385","773,284","814,586","537,199","302,025","1,089,402", 
 ,7月,"27,237","49,924","23,943","8,458","54,987","827,689","1,146,231","576,126","350,239","1,264,191", 
 ,8月,"30,879","53,815","20,062","8,440","57,060","905,151","1,233,090","449,130","349,021","1,312,082", 
 ,9月,"22,454","41,062","21,185","6,499","44,785","683,333","888,466","459,758","268,533","1,029,894", 
 ,10月,"17,975","36,394","15,816","5,417","37,048","532,087","801,215","368,261","223,911","851,957", 
 ,11月,"17,097","25,276","10,023","5,397","36,383","537,565","551,104","212,084","223,224","836,607", 
 ,12月,"15,869","22,721","12,014","4,949","33,183","471,847","464,923","263,710","204,695","762,994", 
1993年,1月,"20,523","32,126","6,460","4,900","47,750","523,887","638,379","134,308","202,626","1,114,965", 
 ,2月,"20,762","24,054","5,892","4,925","47,804","509,294","486,504","131,247","203,686","1,116,176", 
 ,3月,"25,415","28,322","10,206","6,466","62,122","615,126","611,586","234,924","267,517","1,450,278", 
 ,4月,"27,764","35,802","11,451","6,519","63,153","667,896","752,960","230,205","269,609","1,474,522", 
 ,5月,"31,459","39,461","16,090","6,828","67,860","766,475","844,386","342,676","282,082","1,585,045", 
 ,6月,"29,709","43,555","17,667","7,009","68,925","725,437","904,766","390,979","289,737","1,609,650", 
 ,7月,"34,186","61,677","16,983","8,052","78,593","810,018","1,328,217","356,574","332,931","1,835,222", 
 ,8月,"36,337","61,725","18,161","8,908","119,063","984,082","1,258,222","373,659","368,010","2,071,043", 
 ,9月,"29,766","42,837","14,002","7,682","75,971","757,707","902,553","296,786","316,236","1,774,451", 
 ,10月,"26,566","47,680","13,313","8,282","82,549","597,324","996,590","290,765","340,842","1,928,312", 
 ,11月,"24,815","26,674","10,685","7,052","70,158","501,886","521,149","232,783","290,208","1,638,812", 
 ,12月,"22,436","21,048","9,394","6,814","67,676","533,046","429,836","199,548","280,477","1,580,804", 
1994年,1月,"24,092","21,529","2,852","5,934","71,434","554,796","446,016","54,881","244,082","1,646,900", 
 ,2月,"24,794","22,393","3,904","5,761","70,593","562,063","420,482","78,256","236,076","1,616,954", 
 ,3月,"27,163","25,066","6,496","6,597","79,594","668,516","520,152","128,008","271,488","1,829,937", 
 ,4月,"33,355","38,498","16,467","7,820","102,014","754,813","812,234","353,407","320,532","2,276,976", 
 ,5月,"33,620","43,931","15,270","8,333","107,567","768,866","938,071","329,856","341,822","2,387,175", 
 ,6月,"34,385","42,189","16,009","8,539","112,933","774,652","903,717","341,004","350,737","2,495,472", 
 ,7月,"36,828","47,992","13,699","8,910","123,262","833,090","1,010,887","288,362","364,748","2,626,924", 
 ,8月,"36,168","52,689","16,406","9,791","127,742","848,219","1,096,190","350,903","391,085","2,781,819", 
 ,9月,"31,079","44,065","15,401","9,277","119,766","740,981","918,724","323,139","370,511","2,561,502", 
 ,10月,"24,781","39,765","15,443","7,915","101,088","568,029","832,297","339,793","311,084","2,160,616", 
 ,11月,"27,203","27,270","16,451","7,043","91,480","571,195","576,184","364,937","276,876","1,894,974", 
 ,12月,"25,719","23,991","12,982","7,398","93,960","542,361","477,861","258,476","290,811","1,999,182", 
1995年,1月,"26,717","28,529","3,934","6,388","76,215","592,323","546,656","70,803","254,957","1,643,842", 
 ,2月,"19,756","18,486","3,407","5,181","62,445","412,715","385,733","65,239","207,274","1,348,424", 
 ,3月,"31,428","23,237","6,711","6,902","95,320","664,100","506,057","122,254","275,654","1,797,829", 
 ,4月,"28,034","31,998","12,582","7,347","103,796","612,852","683,920","244,044","294,811","2,099,528", 
 ,5月,"31,045","39,672","21,894","8,183","106,933","704,113","842,034","432,150","326,995","2,271,105", 
 ,6月,"30,851","43,077","20,164","7,875","104,592","734,560","920,705","431,319","314,150","2,180,089", 
 ,7月,"32,429","51,297","17,377","7,955","103,140","730,488","1,095,729","357,999","318,197","2,188,561", 
 ,8月,"31,722","58,944","18,746","8,218","102,019","733,804","1,279,672","382,110","323,039","2,200,987", 
 ,9月,"28,104","43,636","19,366","7,715","95,395","673,364","900,212","399,653","303,180","2,024,805", 
 ,10月,"22,387","35,984","18,937","6,829","91,995","525,931","799,811","395,098","269,644","1,862,405", 
 ,11月,"21,758","25,267","12,646","6,471","82,407","505,702","544,642","256,654","255,526","1,733,336", 
 ,12月,"19,315","19,986","5,479","5,458","62,682","441,215","422,674","108,035","215,246","1,292,685", 
1996年,1月,"20,210","26,364","5,606","5,213","58,725","480,511","572,552","107,771","205,504","1,238,605", 
 ,2月,"20,959","31,492","6,230","5,402","61,152","491,589","648,669","126,058","212,683","1,343,470", 
 ,3月,"25,111","28,632","13,345","6,579","83,279","572,571","652,352","270,872","259,344","1,704,656", 
 ,4月,"23,290","33,457","15,276","6,295","81,000","525,655","774,893","317,790","248,124","1,662,980", 
 ,5月,"24,253","41,009","13,689","6,306","75,386","583,314","930,833","278,000","248,746","1,622,938", 
 ,6月,"28,860","46,953","21,463","6,708","89,397","720,585","1,038,847","455,121","264,621","1,701,762", 
 ,7月,"26,645","53,092","23,621","7,269","93,034","649,065","1,201,441","488,184","286,417","1,909,933", 
 ,8月,"31,239","63,167","22,015","7,770","103,205","763,032","1,374,497","453,604","306,061","2,058,527", 
 ,9月,"25,582","45,295","22,411","6,929","86,485","629,653","974,081","460,349","272,945","1,762,827", 
 ,10月,"21,562","31,859","10,614","6,390","78,486","522,649","714,852","237,065","251,762","1,632,224", 
 ,11月,"20,549","27,515","10,002","5,983","74,177","495,148","616,926","211,004","235,712","1,487,879", 
 ,12月,"18,907","22,467","7,790","6,095","71,554","465,845","477,251","171,709","240,068","1,422,759", 
1997年,1月,"20,844","35,047","5,655","6,165","54,496","514,720","731,858","120,308","242,421","1,244,751", 
 ,2月,"15,613","26,463","6,026","4,916","48,487","383,769","587,834","126,755","193,336","1,055,322", 
 ,3月,"20,233","35,771","14,411","7,190","75,456","502,129","802,694","310,209","283,325","1,632,848", 
 ,4月,"24,105","37,834","13,924","7,522","79,443","601,480","858,270","295,814","296,426","1,646,477", 
 ,5月,"28,531","44,632","19,593","7,652","79,754","692,159","986,717","421,882","301,760","1,692,498", 
 ,6月,"25,329","34,740","17,560","7,383","79,326","539,303","767,293","343,607","291,186","1,679,085", 
 ,7月,"26,882","51,316","21,297","7,968","85,450","642,040","1,136,148","442,737","314,201","1,794,101", 
 ,8月,"27,696","64,139","23,934","8,272","87,697","611,546","1,383,937","495,955","325,981","1,793,555", 
 ,9月,"25,683","37,920","23,205","7,666","80,940","637,232","797,963","517,243","302,066","1,621,778", 
 ,10月,"22,620","31,833","10,596","6,915","73,459","548,290","683,352","202,483","272,312","1,490,244", 
 ,11月,"18,965","30,480","8,772","6,509","70,244","476,249","691,503","283,917","256,511","1,395,829", 
 ,12月,"18,623","26,445","6,800","6,265","61,491","455,837","533,967","135,595","246,881","1,236,706", 
1998年,1月,"22,462","37,006","7,642","6,555","56,954","536,182","740,955","159,073","258,521","1,142,950", 
 ,2月,"16,461","24,497","9,046","5,725","49,385","407,770","522,322","190,253","225,825","988,828", 
 ,3月,"19,688","29,962","12,412","6,911","63,944","493,072","671,052","259,891","272,477","1,305,245", 
 ,4月,"24,679","44,282","19,350","7,188","75,324","610,165","989,631","411,503","283,434","1,458,917", 
 ,5月,"26,192","45,989","18,333","7,779","73,801","649,930","962,061","394,136","306,696","1,460,026", 
 ,6月,"27,701","41,857","21,822","8,513","74,612","688,885","904,882","447,047","333,146","1,545,778", 
 ,7月,"32,444","60,620","19,528","8,222","81,570","782,952","1,293,351","393,487","321,903","1,692,527", 
 ,8月,"31,811","64,658","25,748","8,921","95,080","786,935","1,394,424","552,269","349,384","1,922,649", 
 ,9月,"26,538","45,450","19,971","9,190","73,432","667,070","942,312","447,652","360,027","1,461,984", 
 ,10月,"22,825","33,595","11,658","7,904","65,957","559,412","683,212","256,277","309,952","1,352,158", 
 ,11月,"20,439","27,224","5,201","8,079","56,100","509,336","575,602","109,998","316,172","1,193,760", 
 ,12月,"21,332","30,316","6,290","10,513","49,959","517,830","628,491","129,490","411,487","1,030,766", 
1999年,1月,"23,958","22,358","7,508","6,450","46,659","565,889","436,740","154,381","252,831","937,963", 
 ,2月,"21,040","36,383","9,424","6,878","43,755","484,534","731,472","198,822","269,369","873,079", 
 ,3月,"25,151","34,579","13,771","6,607","56,026","568,534","711,461","293,294","258,462","1,179,995", 
 ,4月,"28,607","41,329","15,109","9,282","61,152","718,848","888,110","291,776","363,476","1,216,851", 
 ,5月,"28,995","37,180","18,026","8,353","65,745","713,229","814,625","375,195","327,142","1,248,869", 
 ,6月,"31,201","41,232","21,450","9,733","64,931","789,583","882,680","419,953","381,164","1,270,693", 
 ,7月,"32,292","46,709","20,545","10,636","58,982","830,084","997,183","405,041","416,082","1,207,846", 
 ,8月,"31,058","57,288","26,534","11,136","62,115","810,894","1,164,372","513,231","435,664","1,269,273", 
 ,9月,"25,749","39,247","14,020","10,063","53,599","695,983","798,652","286,334","393,511","1,053,950", 
 ,10月,"23,512","33,687","11,800","9,462","52,546","611,636","707,302","246,242","370,478","969,323", 
 ,11月,"21,343","22,851","6,422","9,001","44,048","558,125","460,253","95,041","352,035","852,140", 
 ,12月,"18,429","22,580","5,762","8,712","35,148","463,961","446,334","113,965","340,758","757,007", 
2000年,1月,"23,861","31,195","8,066","10,715","40,166","610,013","634,095","176,676","416,863","769,374", 
 ,2月,"17,269","26,121","9,001","7,536","33,700","446,429","535,837","210,903","293,421","628,986", 
 ,3月,"23,973","29,382","12,820","10,090","45,027","604,858","636,541","268,754","393,411","893,378", 
 ,4月,"27,111","31,507","12,619","9,135","45,050","690,346","647,224","266,519","355,742","895,867", 
 ,5月,"30,786","37,525","22,426","9,070","49,479","769,310","787,163","473,784","353,479","990,464", 
 ,6月,"32,391","42,703","25,923","9,865","48,419","786,629","916,536","506,748","384,833","859,726", 
 ,7月,"33,398","48,374","20,810","8,593","52,434","823,160","1,005,950","422,857","336,040","932,299", 
 ,8月,"35,287","52,202","26,692","8,785","55,266","865,263","1,061,844","559,456","342,015","1,002,275", 
 ,9月,"31,190","37,681","20,391","9,104","48,600","751,798","773,222","410,790","354,499","830,862", 
 ,10月,"29,281","31,008","9,459","7,731","51,816","696,242","640,148","201,223","301,113","960,598", 
 ,11月,"22,713","25,557","7,787","7,798","41,344","537,743","534,642","181,125","303,690","855,776", 
 ,12月,"21,707","24,894","7,164","8,128","43,430","527,770","518,414","152,438","316,686","836,716", 
2001年,1月,"20,838","33,525","9,340","8,624","48,148","499,616","638,829","199,228","335,395","840,309", 
 ,2月,"20,209","28,102","11,077","6,895","45,752","522,929","562,242","241,958","268,544","824,370", 
 ,3月,"29,855","31,318","14,676","7,522","52,220","701,405","669,039","318,890","293,131","962,253", 
 ,4月,"24,143","29,483","13,864","7,005","50,898","642,570","600,236","291,881","272,533","920,875", 
 ,5月,"31,901","39,771","21,969","7,048","48,609","821,643","838,158","458,672","274,318","924,117", 
 ,6月,"32,720","42,361","15,431","7,893","64,185","859,794","836,825","344,460","307,688","1,156,812", 
 ,7月,"35,607","46,049","16,537","8,694","58,980","924,125","928,674","361,004","338,685","1,068,427", 
 ,8月,"37,913","59,772","25,641","8,811","67,554","981,437","1,156,995","462,747","342,704","1,366,205", 
 ,9月,"26,856","36,221","17,185","7,898","48,105","693,480","733,407","301,568","307,098","939,690", 
 ,10月,"28,305","31,273","11,773","7,639","42,323","671,521","635,348","200,544","296,926","823,188", 
 ,11月,"25,707","24,194","6,240","7,505","37,637","623,851","493,139","114,302","291,790","712,866", 
 ,12月,"27,245","28,293","5,435","8,454","36,393","647,438","595,478","106,733","328,786","704,447", 
2002年,1月,"26,340","32,921","8,506","8,461","55,924","648,200","603,050","154,503","328,948","1,056,465", 
 ,2月,"22,697","31,151","8,528","6,361","37,868","578,727","575,794","171,773","247,303","816,228", 
 ,3月,"29,288","31,292","11,283","6,583","56,011","756,215","639,067","214,478","256,305","1,022,306", 
 ,4月,"34,015","32,184","16,040","7,420","51,712","856,700","640,295","304,394","289,051","961,819", 
 ,5月,"35,127","36,831","17,313","7,742","57,295","845,342","720,420","324,741","301,484","1,019,668", 
 ,6月,"30,495","42,347","15,859","7,231","60,029","731,287","818,221","316,735","281,735","1,105,320", 
 ,7月,"35,053","50,278","20,349","7,983","63,014","878,610","979,901","381,967","310,875","1,147,728", 
 ,8月,"38,573","67,064","23,458","7,938","71,579","957,458","1,249,845","398,877","308,480","1,297,131", 
 ,9月,"29,722","36,013","11,526","7,994","51,581","739,448","685,236","241,252","311,380","922,679", 
 ,10月,"27,855","29,961","10,485","6,553","53,206","716,644","588,024","220,704","254,809","957,252", 
 ,11月,"23,475","23,363","5,918","6,970","47,358","607,023","453,095","121,494","271,403","833,418", 
 ,12月,"24,416","25,475","4,488","7,431","45,920","642,662","478,967","96,677","289,128","766,057", 
2003年,1月,"30,087","31,595","8,464","10,130","49,881","711,625","572,913","171,686","394,310","856,021", 
 ,2月,"22,365","26,028","8,527","6,733","37,822","518,218","487,598","166,427","262,819","663,675", 
 ,3月,"28,604","28,824","10,992","8,339","53,832","660,950","555,210","204,849","325,519","923,217", 
 ,4月,"28,900","31,509","13,811","7,400","56,993","658,406","604,591","272,857","288,484","982,542", 
 ,5月,"30,970","38,267","14,924","9,619","57,139","736,953","699,470","272,066","376,373","980,420", 
 ,6月,"27,597","33,687","14,835","8,565","54,589","661,891","618,075","287,687","335,265","969,525", 
 ,7月,"36,247","61,624","25,700","10,616","75,710","859,677","1,074,430","432,975","414,932","1,317,414", 
 ,8月,"33,714","59,979","24,146","10,956","71,504","808,159","1,067,092","448,605","427,751","1,270,017", 
 ,9月,"29,062","38,431","13,095","9,866","60,869","691,301","702,541","255,866","384,679","1,077,954", 
 ,10月,"27,423","30,122","12,877","9,782","58,204","708,832","543,019","232,631","382,486","989,387", 
 ,11月,"23,906","24,258","8,048","7,857","50,493","595,144","439,102","160,018","307,116","856,431", 
 ,12月,"24,004","24,839","4,524","9,254","50,238","551,911","450,674","90,165","359,917","847,847", 
2004年,1月,"24,030","34,761","6,116","10,921","37,236","560,359","558,992","125,829","432,342","661,338", 
 ,2月,"21,722","22,826","6,931","7,525","32,398","509,819","403,449","142,785","292,218","573,172", 
 ,3月,"24,938","29,035","10,491","9,474","38,318","577,296","520,139","209,736","364,123","677,936", 
 ,4月,"26,396","30,789","12,769","8,759","43,693","625,864","555,877","249,171","344,112","764,688", 
 ,5月,"30,568","35,245","12,067","10,612","47,368","717,190","611,166","215,333","419,541","804,662", 
 ,6月,"29,191","38,191","13,041","8,574","52,192","668,431","631,639","241,035","335,301","902,788", 
 ,7月,"35,977","39,549","16,644","8,536","76,586","799,563","676,663","315,473","329,323","1,239,218", 
 ,8月,"38,687","60,236","23,634","8,542","79,208","876,142","990,989","398,120","324,871","1,286,751", 
 ,9月,"29,927","38,838","14,934","10,912","47,811","691,712","631,223","270,335","426,366","821,082", 
 ,10月,"22,976","25,211","9,171","7,878","39,929","510,660","446,548","168,291","305,173","684,062", 
 ,11月,"22,852","23,473","7,288","9,376","36,305","505,830","428,114","136,057","363,351","615,213", 
 ,12月,"22,412","23,962","4,581","9,228","39,796","479,855","413,821","94,609","360,402","688,356", 
2005年,1月,"24,768","28,677","5,449","13,783","63,833","518,539","453,273","129,308","525,311","996,084", 
 ,2月,"20,990","26,727","4,970","8,618","50,616","446,190","446,449","119,895","320,607","721,346", 
 ,3月,"26,771","24,347","5,686","9,888","66,167","569,871","435,759","151,601","366,197","993,471", 
 ,4月,"27,260","27,580","6,739","10,978","73,865","557,338","498,197","171,919","406,531","1,161,658", 
 ,5月,"33,400","33,577","7,868","10,836","82,464","697,027","601,231","202,511","392,872","1,302,702", 
 ,6月,"34,195","37,118","8,391","10,573","85,061","699,971","668,928","251,650","381,194","1,344,732", 
 ,7月,"39,663","47,100","12,569","12,034","57,660","874,541","817,898","362,867","446,592","832,242", 
 ,8月,"37,821","58,400","14,652","11,999","99,285","851,195","1,031,965","396,259","456,740","1,546,219", 
 ,9月,"33,478","37,755","7,231","11,932","85,415","771,725","678,339","228,642","453,933","1,364,109", 
 ,10月,"27,785","24,608","5,651","11,369","79,460","605,314","454,168","202,415","425,437","1,243,184", 
 ,11月,"21,871","23,876","3,992","9,302","40,208","482,136","433,483","134,894","362,327","638,105", 
 ,12月,"20,080","23,172","2,626","12,788","62,914","431,643","402,719","76,497","489,659","968,082", 
2006年,1月,"23,382","33,918","3,846","13,993","69,983","502,302","566,958","116,691","524,341","1,097,480", 
 ,2月,"17,964","20,412","4,100","9,241","57,844","391,694","374,012","115,582","338,344","848,273", 
 ,3月,"23,860","22,450","6,302","12,525","75,243","515,639","410,499","164,941","451,223","1,170,427", 
 ,4月,"26,640","26,280","6,935","12,182","75,950","581,812","492,769","184,001","432,412","1,200,097", 
 ,5月,"29,034","29,893","8,020","13,560","89,158","619,388","560,052","209,166","485,443","1,359,068", 
 ,6月,"30,152","35,069","8,589","12,555","86,211","634,364","638,128","272,271","439,663","1,375,442", 
 ,7月,"35,892","51,812","14,753","12,979","89,735","764,515","896,286","441,149","461,927","1,452,576", 
 ,8月,"33,094","44,289","13,689","13,607","82,310","724,207","812,748","422,331","478,908","1,381,321", 
 ,9月,"27,789","27,875","6,199","13,610","72,336","585,758","510,399","216,421","478,869","1,204,230", 
 ,10月,"26,022","26,191","4,927","12,784","66,674","582,007","449,003","183,786","453,352","1,120,702", 
 ,11月,"22,153","21,103","4,184","12,989","55,113","490,773","371,234","147,608","448,425","956,723", 
 ,12月,"20,500","20,142","3,352","13,464","47,240","450,532","352,378","107,224","488,199","810,509", 
2007年,1月,"19,328","19,832","4,536","14,224","51,219","432,140","348,796","143,675","519,632","860,805", 
 ,2月,"20,423","27,243","5,073","14,338","62,078","456,912","462,730","147,567","471,032","1,014,680", 
 ,3月,"23,121","20,875","5,772","14,068","69,081","493,566","394,935","173,611","429,376","1,089,430", 
 ,4月,"24,827","22,251","6,633","14,985","72,508","529,391","411,308","156,471","466,698","1,181,558", 
 ,5月,"29,124","27,951","8,431","16,673","91,820","644,604","530,158","198,735","518,478","1,463,209", 
 ,6月,"29,409","31,421","8,011","16,067","89,762","605,327","593,784","177,260","467,406","1,417,427", 
 ,7月,"33,554","39,281","14,868","14,463","98,257","741,532","731,969","344,194","536,339","1,670,413", 
 ,8月,"32,680","47,197","14,377","14,653","92,944","735,488","823,000","344,214","544,274","1,579,275", 
 ,9月,"24,111","27,334","5,767","13,002","74,130","566,685","478,537","148,345","481,318","1,281,629", 
 ,10月,"23,970","18,509","4,698","13,084","81,394","561,528","332,169","111,509","477,780","1,362,627", 
 ,11月,"21,267","14,336","3,300","12,927","70,109","474,128","250,185","78,109","487,786","1,137,813", 
 ,12月,"19,141","16,489","2,614","10,779","69,852","430,166","290,286","61,022","411,145","1,102,909", 
2008年,1月,"23,664","24,220","4,051","15,779","75,923","513,678","395,138","100,786","618,818","1,296,180", 
 ,2月,"18,121","18,920","3,325","11,101","66,176","405,872","313,983","87,056","425,027","999,486", 
 ,3月,"20,030","16,977","5,132","12,810","79,406","437,303","316,730","128,081","482,975","1,270,129", 
 ,4月,"23,454","20,922","8,631","13,476","86,097","522,467","411,712","203,207","511,654","1,367,629", 
 ,5月,"29,114","25,197","9,821","14,647","91,075","658,461","491,094","216,376","563,578","1,443,511", 
 ,6月,"34,640","24,834","9,098","13,921","97,671","763,446","487,927","211,859","528,621","1,526,828", 
 ,7月,"38,714","33,989","14,514","15,519","103,887","852,691","618,728","314,952","592,438","1,643,191", 
 ,8月,"40,037","39,624","13,584","15,149","107,511","901,267","731,651","333,412","581,755","1,730,829", 
 ,9月,"34,297","23,361","6,245","11,771","92,657","772,349","438,089","160,611","443,206","1,486,774", 
 ,10月,"37,474","19,923","5,655","12,126","86,906","829,270","383,343","135,969","452,271","1,406,179", 
 ,11月,"32,539","15,426","5,894","14,270","73,725","720,405","295,392","128,305","535,020","1,168,242", 
 ,12月,"29,099","18,676","4,331","14,443","70,310","628,647","346,755","93,021","557,295","1,089,692", 
2009年,1月,"31,324","26,642","5,468","14,203","71,305","691,020","466,437","128,373","557,708","1,106,996", 
 ,2月,"25,774","18,092","4,679","9,796","62,534","571,316","360,901","117,626","376,151","991,938", 
 ,3月,"28,513","18,707","5,720","9,994","75,494","618,291","378,575","142,930","378,959","1,192,678", 
 ,4月,"30,272","19,655","6,681","11,126","73,303","659,788","400,721","162,686","422,863","1,185,398", 
 ,5月,"34,179","25,425","7,819","12,356","86,327","766,130","530,695","193,729","461,475","1,411,288", 
 ,6月,"31,675","27,864","7,324","12,620","92,370","707,056","583,742","201,465","480,105","1,496,135", 
 ,7月,"37,393","32,171","10,122","13,435","101,613","855,803","642,017","270,396","504,793","1,709,950", 
 ,8月,"48,324","46,083","12,772","14,572","113,610","1,096,399","880,232","330,576","551,328","1,868,237", 
 ,9月,"38,621","33,616","8,510","13,163","94,477","892,954","657,190","224,331","496,826","1,554,032", 
 ,10月,"27,447","18,739","4,687","13,493","82,549","648,276","370,900","117,361","504,165","1,362,281", 
 ,11月,"27,254","15,730","4,280","12,561","70,998","628,576","309,262","103,164","467,392","1,159,232", 
 ,12月,"22,931","17,058","2,925","13,129","59,770","513,239","337,330","66,940","511,782","971,091", 
2010年,1月,"24,577","21,223","4,776","12,777","71,368","565,562","396,034","119,692","505,022","1,190,864", 
 ,2月,"23,544","24,546","4,634","11,282","63,386","540,737","464,689","120,240","442,352","1,028,493", 
 ,3月,"27,557","19,277","5,854","12,014","78,580","650,806","395,896","144,950","476,056","1,269,543", 
 ,4月,"26,465","18,944","7,164","13,050","83,121","598,936","391,696","180,414","504,415","1,352,965", 
 ,5月,"29,020","22,179","9,273","13,477","96,315","655,219","459,829","230,274","513,984","1,567,493", 
 ,6月,"28,423","25,163","8,389","14,603","100,730","648,403","511,759","223,157","568,618","1,597,543", 
 ,7月,"37,862","38,643","12,497","14,667","120,473","848,390","750,649","332,539","572,595","1,959,765", 
 ,8月,"38,540","44,010","14,022","15,951","124,243","856,501","841,729","386,788","618,920","2,002,484", 
 ,9月,"29,784","27,551","8,053","13,000","105,965","682,860","527,662","216,176","506,608","1,671,264", 
 ,10月,"23,972","17,045","5,163","14,500","91,697","553,962","344,061","130,072","580,252","1,472,026", 
 ,11月,"21,258","14,757","4,060","14,112","83,776","484,416","291,429","95,861","553,180","1,316,072", 
 ,12月,"20,306","17,205","4,188","15,520","78,945","459,358","339,410","93,114","623,949","1,254,419", 
2011年,1月,"23,836","26,962","5,424","15,428","88,883","536,190","503,143","142,835","601,086","1,410,840", 
 ,2月,"16,960","18,656","4,296","11,263","64,798","389,815","355,398","112,302","422,787","1,064,884", 
 ,3月,"22,530","20,607","6,516","14,057","85,207","510,639","413,771","165,433","535,087","1,359,237", 
 ,4月,"25,050","18,745","8,050","14,546","96,146","586,966","402,983","218,939","554,771","1,525,661", 
 ,5月,"28,284","22,477","9,530","14,334","101,455","674,779","477,846","263,164","545,532","1,679,749", 
 ,6月,"18,651","30,374","6,996","13,642","96,411","444,909","634,447","217,915","527,636","1,552,725", 
 ,7月,"26,040","40,044","9,582","15,389","123,929","605,427","795,608","279,034","586,674","2,009,046", 
 ,8月,"25,191","43,209","8,918","15,928","119,017","577,645","875,928","250,654","601,063","1,919,622", 
 ,9月,"24,130","28,303","6,327","13,417","111,388","576,814","568,486","180,329","538,959","1,766,885", 
 ,10月,"20,014","17,568","3,944","14,413","96,483","476,339","360,323","99,924","556,253","1,538,227", 
 ,11月,"17,772","16,507","3,521","15,152","86,930","427,167","331,730","86,797","595,113","1,377,566", 
 ,12月,"17,376","20,467","3,797","16,239","79,270","383,098","404,652","81,822","647,208","1,212,621", 
2012年,1月,"16,996","28,699","3,522","13,931","84,569","384,502","556,099","102,910","561,262","1,346,378", 
 ,2月,"18,108","16,357","4,056","13,425","70,612","409,982","333,975","100,910","519,060","1,088,767", 
 ,3月,"22,738","18,790","5,955","13,461","87,530","494,925","391,626","156,627","524,539","1,402,547", 
 ,4月,"25,667","21,279","6,741","12,977","94,062","559,616","431,584","183,510","506,568","1,503,103", 
 ,5月,"28,797","24,523","9,489","14,520","103,404","648,989","477,188","258,984","550,236","1,741,083", 
 ,6月,"29,178","27,506","9,148","14,434","111,267","663,799","553,452","268,282","546,946","1,850,643", 
 ,7月,"31,667","40,248","12,055","14,860","128,671","714,227","796,489","332,182","571,921","2,190,541", 
 ,8月,"34,732","41,476","11,978","15,890","125,527","778,057","816,612","339,346","608,715","2,111,403", 
 ,9月,"26,619","26,736","7,372","12,546","106,492","607,887","524,011","193,110","496,836","1,765,212", 
 ,10月,"20,973","16,110","5,617","13,754","99,111","481,054","319,720","140,395","534,058","1,652,724", 
 ,11月,"19,600","14,195","4,379","13,874","79,484","449,701","287,301","111,399","541,461","1,348,350", 
 ,12月,"17,623","16,123","2,942","14,266","76,249","404,780","322,489","72,774","568,587","1,271,649", 
2013年,1月,"19,377","23,858","5,737","13,917","73,916","429,564","463,524","146,614","533,018","1,215,805", 
 ,2月,"18,798","21,746","5,004","10,962","67,288","428,210","416,456","128,023","439,423","1,113,477", 
 ,3月,"24,837","15,776","5,793","12,116","81,962","535,453","328,479","158,970","485,741","1,357,850", 
 ,4月,"24,844","16,236","5,623","13,351","86,950","581,727","345,827","172,519","530,128","1,453,186", 
 ,5月,"24,471","19,967","8,457","14,178","98,101","594,009","400,948","225,241","553,544","1,660,845", 
 ,6月,"29,972","29,850","10,866","13,113","106,380","663,503","601,292","304,025","499,471","1,774,501", 
 ,7月,"31,689","37,938","15,161","14,278","117,035","695,530","754,560","431,135","552,828","1,986,515", 
 ,8月,"33,092","41,292","12,925","14,320","109,269","706,096","817,717","363,611","557,789","1,877,989", 
 ,9月,"26,511","22,790","8,178","12,602","91,708","566,757","428,281","209,485","485,138","1,520,255", 
 ,10月,"22,065","15,708","6,551","13,599","78,351","469,264","314,856","162,222","539,874","1,310,373", 
 ,11月,"21,009","13,273","4,984","12,667","65,375","437,172","270,194","125,759","495,233","1,122,603", 
 ,12月,"17,608","16,665","4,011","13,150","61,508","387,798","325,401","105,333","534,829","1,007,418", 
2014年,1月,"24,409","25,207","5,370","14,906","90,103","505,373","477,516","132,270","579,680","1,468,835", 
 ,2月,"18,453","15,875","3,230","11,538","71,432","410,632","307,457","80,525","430,436","1,170,804", 
 ,3月,"24,003","14,636","5,094","13,024","90,351","524,210","299,871","125,793","510,181","1,479,157", 
 ,4月,"23,904","17,402","6,141","13,641","95,157","536,186","352,122","183,884","537,104","1,625,041", 
 ,5月,"26,107","19,782","8,565","14,012","109,156","583,502","401,426","249,925","548,547","1,806,391", 
 ,6月,"28,403","27,891","9,917","13,743","116,031","625,678","568,303","292,441","542,495","1,905,277", 
 ,7月,"34,209","41,607","14,322","15,039","149,483","748,709","824,738","420,983","581,098","2,421,474", 
 ,8月,"28,494","36,182","11,725","15,068","121,357","651,921","725,740","308,841","598,447","1,978,841", 
 ,9月,"25,399","24,960","9,002","12,942","124,941","571,754","480,080","262,037","532,397","2,003,951", 
 ,10月,"20,701","16,485","6,215","13,681","102,827","465,456","331,978","177,436","573,545","1,689,304", 
 ,11月,"18,063","13,732","4,091","12,850","84,890","400,330","273,845","111,181","540,268","1,375,014", 
 ,12月,"17,071","17,357","2,885","12,883","77,774","377,805","330,360","87,384","608,276","1,281,345", 
2015年,1月,"22,096","22,656","5,405","15,517","79,056","470,512","439,029","152,459","598,904","1,281,721", 
 ,2月,"18,602","22,671","4,357","12,141","76,950","418,935","412,436","133,064","483,656","1,316,919", 
 ,3月,"20,537","16,127","5,686","11,206","92,226","458,206","317,950","161,968","421,328","1,548,240", 
 ,4月,"23,547","18,899","7,337","12,041","93,597","527,846","373,230","206,319","447,686","1,602,455", 
 ,5月,"24,658","22,338","9,353","12,273","103,257","551,620","448,197","266,809","449,871","1,759,303", 
 ,6月,"26,517","33,041","12,649","13,217","114,181","584,410","616,317","350,827","475,673","1,960,170", 
 ,7月,"29,236","37,853","14,493","15,369","119,788","629,611","730,943","414,345","551,976","2,144,826", 
 ,8月,"30,777","41,525","14,225","15,081","112,417","660,251","796,125","383,474","549,754","2,061,183", 
 ,9月,"22,322","24,251","7,338","11,982","95,412","498,325","466,278","213,914","429,094","1,615,147", 
 ,10月,"21,596","15,681","5,720","12,844","84,953","485,606","306,923","159,911","446,554","1,541,549", 
 ,11月,"19,842","15,673","5,158","13,241","87,887","437,372","300,903","143,561","471,014","1,467,059", 
 ,12月,"18,957","16,666","3,916","12,721","85,143","421,513","320,008","96,981","458,726","1,449,569", 
2016年,1月,"22,901","23,509","5,049","14,575","82,861","488,146","439,115","149,340","538,677","1,360,423", 
 ,2月,"19,730","17,912","4,789","10,009","68,262","428,141","335,430","126,323","375,554","1,115,775", 
 ,3月,"21,966","15,018","5,926","13,200","89,559","485,448","292,787","163,717","472,315","1,473,887", 
 ,4月,"24,534","19,015","8,282","12,464","97,719","533,620","369,990","213,764","439,934","1,651,730", 
 ,5月,"26,317","23,856","9,789","12,855","112,348","575,183","431,265","262,638","459,783","1,850,833", 
 ,6月,"26,781","34,074","13,509","13,489","124,731","582,451","603,511","364,088","480,376","2,051,920", 
 ,7月,"30,775","36,173","15,175","15,095","131,479","646,141","691,231","426,755","541,528","2,125,152", 
 ,8月,"31,467","40,356","14,552","14,951","122,183","694,513","776,192","402,827","534,861","2,023,704", 
 ,9月,"25,251","21,235","6,133","11,847","101,712","578,303","389,420","170,109","422,382","1,708,495", 
 ,10月,"23,575","17,395","6,422","14,022","97,240","531,579","335,800","167,213","496,445","1,620,281", 
 ,11月,"22,451","14,770","4,913","13,796","91,649","497,981","288,444","125,741","499,363","1,489,350", 
 ,12月,"21,455","18,445","4,156","13,155","84,842","454,403","349,673","109,858","473,774","1,432,834", 
2017年,1月,"24,244","27,257","5,807","14,811","93,890","529,591","500,358","159,311","532,318","1,569,828", 
 ,2月,"18,613","14,388","3,831","10,824","67,906","400,162","277,140","104,325","391,698","1,206,885", 
 ,3月,"21,992","15,850","5,286","13,529","90,986","481,629","304,767","145,998","487,369","1,521,703", 
 ,4月,"23,193","18,270","6,422","12,605","93,622","509,284","350,978","181,213","453,660","1,627,839", 
 ,5月,"24,768","20,686","8,824","13,739","112,976","553,125","402,612","253,080","485,758","1,898,917", 
 ,6月,"25,479","24,360","11,238","14,168","116,126","572,760","470,665","310,458","489,968","1,918,475", 
 ,7月,"28,628","34,043","13,691","13,355","123,766","640,922","662,150","379,214","475,729","2,042,993", 
 ,8月,"32,526","41,227","14,437","13,883","134,744","754,774","787,500","391,612","495,977","2,237,477", 
 ,9月,"28,181","30,078","9,332","11,903","110,270","647,645","561,607","249,491","431,172","1,858,681", 
 ,10月,"23,227","17,484","5,796","11,489","93,016","526,781","322,883","154,677","432,057","1,587,096", 
 ,11月,"19,829","12,690","3,888","11,993","90,778","460,323","241,473","105,647","447,829","1,554,261", 
 ,12月,"18,347","14,683","2,816","11,899","76,434","428,539","274,041","70,582","435,789","1,348,951", 
2018年,1月,"20,901","20,721","5,253","14,635","83,242","460,039","393,261","142,603","515,611","1,417,251", 
 ,2月,"17,572","20,358","4,450","11,779","70,451","397,388","368,411","100,956","414,945","1,251,436", 
 ,3月,"22,223","16,395","7,635","11,735","94,077","493,972","321,054","172,554","402,258","1,608,200", 
 ,4月,"22,586","18,218","10,720","13,068","94,132","530,607","358,195","222,644","450,801","1,610,700", 
 ,5月,"26,963","23,398","16,141","12,869","117,230","635,721","457,936","365,928","439,642","1,933,545", 
 ,6月,"25,521","28,122","18,924","13,194","115,291","595,981","538,639","380,750","453,914","1,952,233", 
 ,7月,"27,780","34,287","18,896","13,568","124,577","655,446","646,136","393,707","472,813","2,072,876", 
 ,8月,"31,270","39,422","18,193","13,672","125,288","715,028","753,231","432,025","490,931","2,089,332", 
 ,9月,"20,998","23,212","11,667","11,618","103,610","526,809","425,365","213,816","422,444","1,717,844", 
 ,10月,"18,141","16,508","6,901","12,346","96,206","431,001","313,052","151,941","456,773","1,581,266", 
 ,11月,"18,951","14,417","5,984","11,970","90,161","430,148","283,828","133,801","449,786","1,514,284", 
 ,12月,"18,710","15,526","8,814","12,094","83,262","405,919","297,405","136,412","445,082","1,376,924", 
2019年,1月,"23,817","27,584","5,931","13,766","100,415","519,040","507,296","151,544","526,062","1,646,588", 
 ,2月,"18,037","16,679","5,132","9,922","75,320","400,775","312,492","110,985","356,509","1,285,448", 
 ,3月,"21,787","14,822","7,846","12,151","98,898","493,120","285,752","164,952","418,456","1,678,396", 
 ,4月,"24,702","19,192","10,709","12,953","98,877","563,273","360,877","231,590","443,757","1,720,142", 
 ,5月,"27,897","22,464","13,799","14,405","105,898","617,877","433,344","298,153","481,929","1,805,376", 
 ,6月,"26,051","23,537","15,235","13,413","109,518","602,015","449,456","361,042","492,190","1,851,435", 
 ,7月,"31,819","39,823","17,738","13,361","129,206","720,665","729,573","383,980","492,430","2,107,438", 
 ,8月,"29,631","35,411","14,457","13,525","116,802","676,493","662,622","327,641","494,387","1,966,662", 
 ,9月,"22,517","21,217","12,349","11,543","106,841","509,782","388,841","261,054","434,319","1,795,847", 
 ,10月,"23,380","20,868","9,314","13,030","103,941","532,041","394,423","206,794","470,762","1,679,928", 
 ,11月,"20,678","14,826","6,420","12,250","91,610","486,665","284,701","137,767","460,926","1,535,306", 
 ,12月,"19,877","18,181","6,189","14,143","89,766","447,493","357,605","123,292","508,715","1,447,363", 
2020年,1月,"21,531","27,982","7,144","12,515","94,546","495,645","499,047","152,502","479,921","1,570,644", 
 ,2月,"17,636","15,682","6,766","11,873","81,438","405,757","299,111","108,412","439,488","1,382,481", 
 ,3月,"22,952","18,221","7,396","13,332","100,015","496,366","339,188","167,838","505,034","1,719,784", 
 ,4月,"22,749","20,088","8,505","11,913","95,352","503,597","367,079","182,447","442,376","1,627,455", 
 ,5月,"23,551","24,726","13,598","11,258","104,405","548,729","467,629","299,929","427,521","1,844,180", 
 ,6月,"27,175","29,446","17,793","12,852","120,081","621,459","557,453","392,842","484,018","2,041,905", 
 ,7月,"30,822","38,679","21,145","14,200","135,641","692,890","738,038","464,904","521,542","2,291,166", 
 ,8月,"32,465","40,427","21,658","13,935","124,975","704,646","764,649","483,059","533,242","2,092,650", 
 ,9月,"29,004","26,873","12,728","12,838","120,737","649,914","507,965","299,664","472,823","1,994,491", 
 ,10月,"21,725","18,113","9,204","11,259","105,535","511,918","345,064","175,611","419,382","1,769,851", 
 ,11月,"19,651","15,569","6,926","11,979","96,688","459,561","317,499","138,430","449,730","1,585,430", 
 ,12月,"17,310","16,603","6,232","12,550","86,632","409,220","323,012","132,218","470,984","1,488,598", 
2021年,1月,"18,586","21,438","8,117","13,354","90,476","442,632","395,493","156,614","502,318","1,528,399", 
 ,2月,"17,343","22,907","6,550","10,999","85,645","400,789","416,234","136,845","407,475","1,499,881", 
 ,3月,"19,829","17,238","12,522","14,956","106,286","460,626","333,918","206,826","556,634","1,822,213", 
 ,4月,"21,983","21,085","13,462","14,058","105,437","499,683","398,860","271,844","513,675","1,826,466", 
 ,5月,"26,359","25,188","17,495","11,612","116,446","589,038","453,781","358,228","436,203","1,989,517", 
 ,6月,"23,627","28,184","16,141","10,592","102,396","525,948","516,912","317,518","388,106","1,745,325", 
 ,7月,"28,182","37,123","20,028","13,543","120,218","617,113","658,170","425,074","507,681","2,070,150", 
 ,8月,"25,979","35,510","19,677","13,311","111,962","576,922","648,813","389,015","494,728","1,926,685", 
 ,9月,"24,125","22,840","14,447","11,611","110,975","548,721","416,662","294,102","427,404","1,909,854", 
 ,10月,"23,316","21,302","15,578","12,000","105,817","553,591","389,839","274,815","444,700","1,817,018", 
 ,11月,"22,442","17,259","7,617","12,347","101,836","485,734","322,636","174,274","469,778","1,684,483", 
 ,12月,"20,438","19,095","9,250","11,179","89,465","466,057","358,431","162,342","424,182","1,495,275", 
2022年,1月,"22,209","26,982","9,528","14,006","98,691","506,920","488,891","174,064","523,408","1,672,614", 
 ,2月,"14,789","14,668","5,922","10,555","73,722","338,694","269,902","114,009","396,733","1,239,291", 
 ,3月,"20,820","25,532","12,692","13,228","98,061","474,430","481,043","226,037","490,662","1,766,129", 
 ,4月,"21,585","23,176","18,674","12,322","101,060","488,616","441,097","312,023","459,593","1,777,627", 
 ,5月,"20,299","20,084","17,244","11,911","107,359","487,074","387,354","319,754","442,395","1,813,982", 
 ,6月,"22,448","25,630","19,592","13,760","114,313","520,198","498,564","398,212","476,839","1,955,051", 
 ,7月,"29,587","39,462","26,162","12,433","136,074","682,018","732,041","572,015","482,455","2,364,701", 
 ,8月,"27,466","38,640","22,094","15,434","137,721","657,395","729,002","481,098","531,644","2,325,979", 
 ,9月,"23,169","22,273","17,378","12,666","119,693","580,869","421,453","306,910","458,326","2,050,699", 
 ,10月,"21,153","19,655","11,702","11,584","110,520","523,331","379,099","227,182","435,701","1,919,062", 
 ,11月,"20,145","18,654","10,424","12,021","99,990","484,505","355,940","207,300","464,150","1,766,649", 
 ,12月,"20,023","19,246","9,195","12,759","106,199","490,417","374,134","174,087","472,328","1,798,230", 
2023年,1月,"20,522","25,401","7,248","11,083","98,143","505,723","483,432","155,570","426,634","1,714,133", 
 ,2月,"17,200","16,347","9,848","12,193","84,812","439,665","342,117","160,199","453,936","1,480,408", 
 ,3月,"23,190","19,453","15,389","13,097","102,429","560,554","398,408","264,724","491,074","1,818,483", 
 ,4月,"19,780","18,318","16,508","11,325","102,127","499,809","362,003","309,312","400,297","1,813,605", 
 ,5月,"24,048","26,518","18,578","12,021","122,841","588,649","526,930","340,986","449,764","2,115,158", 
 ,6月,"23,003","26,785","20,050","13,370","126,907","597,249","544,145","395,534","474,419","2,228,471", 
 ,7月,"27,734","34,409","25,513","13,681","140,668","679,916","691,051","535,123","499,039","2,507,931", 
 ,8月,"30,531","41,524","25,748","14,195","150,060","719,302","825,801","521,066","542,803","2,596,129", 
 ,9月,"24,518","24,408","17,128","13,500","127,027","602,643","496,250","338,956","481,715","2,244,724", 
 ,10月,"23,445","20,530","13,254","13,241","114,820","563,128","423,066","241,615","464,627","2,040,069", 
 ,11月,"21,347","17,346","9,900","11,430","105,245","522,575","359,848","196,520","426,323","1,851,661", 
 ,12月,"19,871","15,775","8,746","11,992","101,556","492,499","328,133","162,248","448,143","1,759,073", 
2024年,1月,"23,499","23,507","11,448","12,697","116,247","583,756","471,483","207,311","479,411","2,034,259", 
 ,2月,"19,303","20,506","8,510","10,161","91,855","462,658","422,238","163,246","380,762","1,623,526", 
 ,3月,"21,000","16,883","13,363","11,981","104,909","506,976","370,939","239,257","449,026","1,920,741", 
 ,4月,"23,289","21,622","14,046","12,647","119,713","560,087","442,059","285,068","458,183","2,158,199", 
 ,5月,"22,924","22,624","17,493","13,951","125,895","591,436","481,709","339,478","523,470","2,239,393", 
 ,6月,"22,965","25,935","18,649","12,839","137,945","587,880","537,452","402,906","477,072","2,393,981", 
 ,7月,"28,437","39,315","26,808","12,515","154,863","713,738","809,984","606,710","507,531","2,711,452", 
"		","		","		","		","		","		","		","		","		","		","		","		",